{"cameraMode":{"drawMode":0,"name":"Shaded","section":"Shading Mode"},"sceneLighting":true,"audioPlay":false,"sceneViewState":{"m_AlwaysRefresh":false,"showFog":true,"showSkybox":true,"showFlares":true,"showImageEffects":true,"showParticleSystems":true,"showVisualEffectGraphs":true,"m_FxEnabled":true},"in2DMode":false,"pivot":{"x":-0.023059070110321046,"y":0.7400000095367432,"z":8.358445167541504},"rotation":{"x":0.015258939936757088,"y":-0.7014251947402954,"z":0.014453095383942128,"w":0.7128519415855408},"size":1.4686765670776368,"orthographic":false}