{"cameraMode":{"drawMode":0,"name":"Shaded","section":"Shading Mode"},"sceneLighting":true,"audioPlay":false,"sceneViewState":{"m_AlwaysRefresh":false,"showFog":true,"showSkybox":true,"showFlares":true,"showImageEffects":true,"showParticleSystems":true,"showVisualEffectGraphs":true,"m_FxEnabled":true},"in2DMode":false,"pivot":{"x":-26.899999618530275,"y":0.8600000143051148,"z":32.88999938964844},"rotation":{"x":0.5584190487861633,"y":-0.005289189983159304,"z":0.004526430740952492,"w":0.8300471901893616},"size":1.7240946292877198,"orthographic":false}