{"cameraMode":{"drawMode":0,"name":"Shaded","section":"Shading Mode"},"sceneLighting":false,"audioPlay":false,"sceneViewState":{"m_AlwaysRefresh":false,"showFog":true,"showSkybox":false,"showFlares":true,"showImageEffects":true,"showParticleSystems":true,"showVisualEffectGraphs":true,"m_FxEnabled":true},"in2DMode":false,"pivot":{"x":-2.459881544113159,"y":0.6560089588165283,"z":9.039916038513184},"rotation":{"x":0.015258939936757088,"y":-0.7014251947402954,"z":0.014453095383942128,"w":0.7128519415855408},"size":0.7256813645362854,"orthographic":false}